date,close,volume
2024-10-05,62089.95,13305410749
2024-10-06,62818.95,14776233667
2024-10-07,62236.66,34253562610
2024-10-08,62131.97,28134475157
2024-10-09,60582.10,27670982363
2024-10-10,60274.50,30452813570
2024-10-11,62445.09,30327141594
2024-10-12,63193.02,16744110886
2024-10-13,62851.38,18177529690
2024-10-14,66046.13,43706958056
2024-10-15,67041.11,48863870879
2024-10-16,67612.72,38195189534
2024-10-17,67399.84,32790898511
2024-10-18,68418.79,36857165014
2024-10-19,68362.73,14443497908
2024-10-20,69001.70,18975847518
2024-10-21,67367.85,37498611780
2024-10-22,67361.41,31808472566
2024-10-23,66432.20,32263980353
2024-10-24,68161.05,31414428647
2024-10-25,66642.41,41469984306
2024-10-26,67014.70,19588098156
2024-10-27,67929.30,16721307878
2024-10-28,69907.76,38799856657
2024-10-29,72720.49,58541874402
2024-10-30,72339.54,40646637831
2024-10-31,70215.19,40627912076
2024-11-01,69482.47,49989795365
2024-11-02,69289.27,18184612091
2024-11-03,68741.12,34868307655
2024-11-04,67811.51,41184819348
2024-11-05,69359.56,46046889204
2024-11-06,75639.08,118592653963
2024-11-07,75904.86,63467654989
2024-11-08,76545.48,55176858003
2024-11-09,76778.87,29009480361
2024-11-10,80474.19,82570594495
2024-11-11,88701.48,117966845037
2024-11-12,87955.81,133673285375
2024-11-13,90584.16,123559027869
2024-11-14,87250.43,87616705248
2024-11-15,91066.01,78243109518
2024-11-16,90558.48,44333192814
2024-11-17,89845.85,46350159305
2024-11-18,90542.64,75535775084
2024-11-19,92343.79,74521048295
2024-11-20,94339.49,71730956426
2024-11-21,98504.73,106024505582
2024-11-22,98997.66,78473580551
2024-11-23,97777.28,44414644677
2024-11-24,98013.82,51712020623
2024-11-25,93102.30,80909462490
2024-11-26,91985.32,91656519855
2024-11-27,95962.53,71133452438
2024-11-28,95652.47,52260008261
2024-11-29,97461.52,54968682476
2024-11-30,96449.05,31634227866
2024-12-01,97279.79,36590695296
2024-12-02,95865.30,72680784305
2024-12-03,96002.16,67067810961
2024-12-04,98768.53,77199817112
2024-12-05,96593.57,149218945580
2024-12-06,99920.71,94534772658
2024-12-07,99923.34,44177510897
2024-12-08,101236.02,44125751925
2024-12-09,97432.72,110676473908
2024-12-10,96675.43,104823780634
2024-12-11,101173.03,85391409936
2024-12-12,100043.00,72073983533
2024-12-13,101459.26,56894751583
2024-12-14,101372.97,40422968793
2024-12-15,104298.70,51145914137
2024-12-16,106029.72,91020417816
2024-12-17,106140.60,68589364868
2024-12-18,100041.54,93865656139
2024-12-19,97490.95,97221662392
2024-12-20,97755.93,105634083408
2024-12-21,97224.73,51765334294
2024-12-22,95104.94,43147981314
2024-12-23,94686.24,65239002919
2024-12-24,98676.09,47114953674
2024-12-25,99299.20,33700394629
2024-12-26,95795.52,47054980873
2024-12-27,94164.86,52419934565
2024-12-28,95163.93,24107436185
2024-12-29,93530.23,29635885267
2024-12-30,92643.21,56188003691
2024-12-31,93429.20,43625106843
2025-01-01,94419.76,24519888919
2025-01-02,96886.88,46009564411
2025-01-03,98107.43,35611391163
2025-01-04,98236.23,22342608078
2025-01-05,98314.96,20525254825
2025-01-06,102078.09,51823432705
2025-01-07,96922.70,58685738547
2025-01-08,95043.52,63875859171
2025-01-09,92484.04,62777261693
2025-01-10,94701.45,62058693684
2025-01-11,94566.59,18860894100
2025-01-12,94488.44,20885130965
2025-01-13,94516.52,72978998252
2025-01-14,96534.05,53769675818
2025-01-15,100504.49,57805923627
2025-01-16,99756.91,54103781805
2025-01-17,104462.04,71888972663
2025-01-18,104408.07,50445655726
2025-01-19,101089.61,76789928525
2025-01-20,102016.66,126279678351
2025-01-21,106146.27,88733878242
2025-01-22,103653.07,53878181052
2025-01-23,103960.17,104104515428
2025-01-24,104819.48,52388229265
2025-01-25,104714.65,23888996502
2025-01-26,102682.50,22543395879
2025-01-27,102087.69,89006608428
2025-01-28,101332.48,47180685494
2025-01-29,103703.21,47432049818
2025-01-30,104735.30,41915744521
2025-01-31,102405.02,45732764360
2025-02-01,100655.91,27757944848
2025-02-02,97688.98,63091816853
2025-02-03,101405.42,115400897748
2025-02-04,97871.82,73002130211
2025-02-05,96615.45,49125911241
2025-02-06,96593.30,45302471947
2025-02-07,96529.09,55741290456
2025-02-08,96482.45,22447526395
2025-02-09,96500.09,27732901800
2025-02-10,97437.55,40078962391
2025-02-11,95747.43,37488783272
2025-02-12,97885.86,49340445530
2025-02-13,96623.87,37147280860
2025-02-14,97508.97,32697987277
2025-02-15,97580.35,17047266288
2025-02-16,96175.03,16536755396
2025-02-17,95773.38,27336550690
2025-02-18,95539.55,37325720482
2025-02-19,96635.61,28990872862
2025-02-20,98333.94,31668022771
2025-02-21,96125.55,49608706470
2025-02-22,96577.76,18353824477
2025-02-23,96273.92,16999478976
2025-02-24,91418.17,44046480529
2025-02-25,88736.17,92139104128
2025-02-26,84347.02,64597492134
2025-02-27,84704.23,52659591954
2025-02-28,84373.01,83610570576
2025-03-01,86031.91,29190628396
2025-03-02,94248.35,58398341092
2025-03-03,86065.67,70072228536
2025-03-04,87222.20,68095241474
2025-03-05,90623.56,50498988027
2025-03-06,89961.73,47749810486
2025-03-07,86742.67,65945677657
2025-03-08,86154.59,18206118081
2025-03-09,80601.04,30899345977
2025-03-10,78532.00,54061099422
2025-03-11,82862.21,54702837196
2025-03-12,83722.36,40353484454
2025-03-13,81066.70,31412940153
2025-03-14,83969.10,29588112414
2025-03-15,84343.11,13650491277
2025-03-16,82579.69,21330270174
2025-03-17,84075.69,25092785558
2025-03-18,82718.50,24095774594
2025-03-19,86854.23,34931960257
2025-03-20,84167.20,29028988961
2025-03-21,84043.24,19030452299
2025-03-22,83832.48,9863214091
2025-03-23,86054.38,12594615537
2025-03-24,87498.91,34582604933
2025-03-25,87471.70,30005840049
2025-03-26,86900.88,26704046038
2025-03-27,87177.10,24413471941
2025-03-28,84353.15,34198619509
2025-03-29,82597.59,16969396135
2025-03-30,82334.52,14763760943
2025-03-31,82548.91,29004228247
2025-04-01,85169.17,28175650319
2025-04-02,82485.71,47584398470
2025-04-03,83102.83,36852112080
2025-04-04,83843.80,45157640207
2025-04-05,83504.80,14380803631
2025-04-06,78214.48,36294853736
2025-04-07,79235.34,91262424987
2025-04-08,76271.95,48314590749
2025-04-09,82573.95,84213627038
2025-04-10,79626.14,44718000633
2025-04-11,83404.84,41656778779
2025-04-12,85287.11,24258059104
2025-04-13,83684.98,28796984817
2025-04-14,84542.39,34090769777
2025-04-15,83668.99,28040322885
2025-04-16,84033.87,29617804112
2025-04-17,84895.75,21276866029
2025-04-18,84450.80,12728372364
2025-04-19,85063.41,15259300427
2025-04-20,85174.30,14664050812
2025-04-21,87518.91,41396190190
2025-04-22,93441.89,55899038456
2025-04-23,93699.11,41719568821
2025-04-24,93943.80,31483175315
2025-04-25,94720.50,40915232364
2025-04-26,94646.93,17612825123
2025-04-27,93754.84,18090367764
2025-04-28,94978.75,32363449569
2025-04-29,94284.79,25806129921
2025-04-30,94207.31,28344679831
2025-05-01,96492.34,32875889623
2025-05-02,96910.07,26421924677
2025-05-03,95891.80,15775154889
2025-05-04,94315.98,18198688416
2025-05-05,94748.05,25816260327
2025-05-06,96802.48,26551275827
2025-05-07,97032.32,76983822462
2025-05-08,103241.46,69895404397
2025-05-09,102970.85,58198593958
2025-05-10,104696.33,42276713994
2025-05-11,104106.36,46285517406
2025-05-12,102812.95,63250475404
2025-05-13,104169.81,52608876410
2025-05-14,103539.41,45956071155
2025-05-15,103744.64,50408241840
2025-05-16,103489.29,44386499364
2025-05-17,103191.09,37898552742
2025-05-18,106446.01,49887082058
2025-05-19,105606.18,61761126647
2025-05-20,106791.09,36515726122
2025-05-21,109678.08,78086364051
2025-05-22,111673.28,70157575642
2025-05-23,107287.80,67548133399
2025-05-24,107791.16,45903627163
2025-05-25,109035.39,47518041841
2025-05-26,109440.37,45950461571
2025-05-27,108994.64,57450176272
2025-05-28,107802.33,49155377493
2025-05-29,105641.76,56022752042
2025-05-30,103998.57,57655287183
2025-05-31,104638.09,38997843858
2025-06-01,105652.10,37397056873
2025-06-02,105881.53,45819706290
2025-06-03,105432.47,46196508367
2025-06-04,104731.98,44544857105
2025-06-05,101575.95,57479298400
2025-06-06,104390.34,48856653697
2025-06-07,105615.63,38365033776
2025-06-08,105793.65,36626232328
2025-06-09,110294.10,55903193732
2025-06-10,110257.23,54700101509
2025-06-11,108686.63,50842662052
2025-06-12,105929.05,54843867968
2025-06-13,106090.97,69550440846
2025-06-14,105472.41,38007870453
2025-06-15,105552.02,36744307742
2025-06-16,106796.76,50366626945
2025-06-17,104601.12,55964092176
2025-06-18,104883.33,47318089133
2025-06-19,104684.29,37333806920
2025-06-20,103309.60,50951862476
2025-06-21,102257.41,38360555118
2025-06-22,100987.14,65536997201
2025-06-23,105577.77,65237759656
2025-06-24,106045.63,48822986421
2025-06-25,107361.26,51624120283
2025-06-26,106960.00,43891990613
2025-06-27,107088.43,45353692675
2025-06-28,107327.70,30037708335
2025-06-29,108385.57,35534874438
2025-06-30,107135.34,42064804590
2025-07-01,105698.28,44110692247
2025-07-02,108859.32,56248657737
2025-07-03,109647.98,50494742270
2025-07-04,108034.34,42616442656
2025-07-05,108231.18,30615537520
2025-07-06,109232.07,36746020463
2025-07-07,108299.85,45415696597
2025-07-08,108950.27,44282204127
2025-07-09,111326.55,57927418065
2025-07-10,115987.20,95911605728
2025-07-11,117516.99,86928361085
2025-07-12,117435.23,45524560304
2025-07-13,119116.12,49021091807
2025-07-14,119849.70,181746419401
2025-07-15,117777.19,98321661181
2025-07-16,118738.51,72162029070
2025-07-17,119289.84,72363841798
2025-07-18,118003.23,77945799785
2025-07-19,117939.98,47564562765
2025-07-20,117300.79,57515447231
2025-07-21,117439.54,69820091744
2025-07-22,119995.41,79217583118
2025-07-23,118754.96,66608604537
2025-07-24,118368.00,72627318560
2025-07-25,117635.88,104857024569
2025-07-26,117947.37,48508954046
2025-07-27,119448.49,54683390892
2025-07-28,117924.48,64822943193
2025-07-29,117922.15,68463107433
2025-07-30,117831.19,68896148592
2025-07-31,115758.20,69370346018
2025-08-01,113320.09,91294530181
2025-08-02,112526.91,56870866000
2025-08-03,114217.67,48099615826
2025-08-04,115071.88,35783028986
2025-08-05,114141.45,61039182286
2025-08-06,115028.00,56379133510
2025-08-07,117496.90,64051649681
2025-08-08,116688.73,59713005166
2025-08-09,116500.36,54004312429
2025-08-10,119306.76,64755458694
2025-08-11,118731.45,90528784177
2025-08-12,120172.91,72803657984
2025-08-13,123344.06,90904808795
2025-08-14,118359.58,104055627395
2025-08-15,117398.35,68665353159
2025-08-16,117491.35,48036922378
2025-08-17,117453.06,45852169525
2025-08-18,116252.31,72787808090
2025-08-19,112831.18,71657600353
2025-08-20,114274.74,67993811526
2025-08-21,112419.03,57817883700
2025-08-22,116874.09,82528088240
2025-08-23,115374.33,55377142586
2025-08-24,113458.43,73961489632
2025-08-25,110124.35,85706860190
2025-08-26,111802.66,69396320317
2025-08-27,111222.06,62137056409
2025-08-28,112544.80,58860155962
2025-08-29,108410.84,77843379644
2025-08-30,108808.07,51486264208
2025-08-31,108236.71,47986191770
2025-09-01,109250.59,66870372995
2025-09-02,111200.59,74776999491
2025-09-03,111723.21,61119643565
2025-09-04,110723.60,60131132901
2025-09-05,110650.98,60241647677
2025-09-06,110224.70,21500719036
2025-09-07,111167.62,24618007520
2025-09-08,112071.43,40212813407
2025-09-09,111530.55,45984480722
2025-09-10,113955.36,56377473784
2025-09-11,115507.54,45685065332
2025-09-12,116101.58,54785725894
2025-09-13,115950.51,34549454947
2025-09-14,115407.66,32798036057
2025-09-15,115444.88,52937859416
2025-09-16,116843.19,45781744593
2025-09-17,116468.51,60528025996
2025-09-18,117137.20,49457272032
2025-09-19,115688.86,38828473971
2025-09-20,115721.96,22864449614
2025-09-21,115306.09,22495852193
2025-09-22,112748.51,70684158591
2025-09-23,112014.50,47211853279
2025-09-24,113328.63,48044595085
2025-09-25,109049.29,75528654284
2025-09-26,109712.83,57738288949
2025-09-27,109681.95,26308042910
2025-09-28,112122.64,33371048505
2025-09-29,114400.38,60000147466
2025-09-30,114056.09,58986330258
2025-10-01,118648.93,71328680132
2025-10-02,120681.26,71415163912
2025-10-03,122266.53,83941392228
2025-10-04,122425.43,36769171735
2025-10-05,123513.48,73689317763
2025-10-06,124752.53,72568881188
2025-10-07,121451.38,76149412513
2025-10-08,123354.87,65354305286
2025-10-09,121705.59,74653009425
2025-10-10,113214.37,153125018868
2025-10-11,110807.88,110236934340
2025-10-12,115169.77,93710414091
2025-10-13,115271.08,71582026739
2025-10-14,113118.66,92212917403
2025-10-15,110783.16,72574132855
2025-10-16,108186.04,87306423067
2025-10-17,106467.79,99703051669
2025-10-18,107198.27,37779905278
2025-10-19,108666.71,47657008953
2025-10-20,110588.93,63507793085
2025-10-21,108476.89,101194375480
2025-10-22,107688.59,80807013218
2025-10-23,110069.73,54944076060
2025-10-24,111033.92,48160816980
2025-10-25,111641.73,24707667305
2025-10-26,114472.45,41708524143
2025-10-27,114119.33,61761358733
2025-10-28,112956.16,64528066504
2025-10-29,110055.30,62192043469
2025-10-30,108305.55,69673964814
2025-10-31,109556.16,60090359560
2025-11-01,110064.02,25871668762
2025-11-02,110639.63,34284209459
2025-11-03,106547.52,72852006359
2025-11-04,101590.52,110967184773
2025-11-05,103891.84,77584934804
2025-11-06,101301.29,63932752861
2025-11-07,103372.41,92168030081
2025-11-08,102282.12,51446691095
2025-11-09,104719.64,59679243013
2025-11-10,105996.59,69585887229
2025-11-11,102997.47,71130078574
2025-11-12,101663.19,64347179408
2025-11-13,99697.49,101546815416
2025-11-14,94397.79,114346441890
2025-11-15,95549.15,38500716654
2025-11-16,94177.08,71086235862
2025-11-17,92093.88,94186165724
2025-11-18,92948.88,101333569062
2025-11-19,91465.99,80350354656
2025-11-20,86631.90,97970645638
2025-11-21,85090.69,129157506112
2025-11-22,84648.36,40793099246
2025-11-23,86805.01,58083435576
2025-11-24,88270.56,74433896110
2025-11-25,87341.89,64837343545
2025-11-26,90518.37,66496301869
2025-11-27,91285.38,57040622845
2025-11-28,90919.27,60895830289
2025-11-29,90851.76,37921773455
2025-11-30,90394.31,38497902869
2025-12-01,86321.57,87962894424
2025-12-02,91350.20,78546798211
2025-12-03,93527.80,77650204986
2025-12-04,92141.63,64538402681
2025-12-05,89387.76,63256398633
2025-12-06,89272.38,37994042405
2025-12-07,90405.64,47394898960
2025-12-08,90640.20,57394099056
2025-12-09,92691.71,66861721440
2025-12-10,92020.95,65420694513
2025-12-11,92511.34,64532834621
2025-12-12,90270.41,80275884583
2025-12-13,90298.71,64237748110
2025-12-14,88175.18,50465972205
2025-12-15,86419.78,45559514323
2025-12-16,87843.98,41262178223
2025-12-17,86143.76,44243392914
2025-12-18,85462.51,52667115348
2025-12-19,88103.38,46733310561
2025-12-20,88344.00,14688196659
2025-12-21,88621.75,19845522660
2025-12-22,88490.02,38047472118
2025-12-23,87414.00,43683011533
2025-12-24,87611.96,25550297986
2025-12-25,87234.74,19953216347
2025-12-26,87301.43,42455674908
2025-12-27,87802.16,13741199310
2025-12-28,87835.84,15156557929
2025-12-29,87138.14,48411625849
2025-12-30,88430.13,35586356225
2025-12-31,87508.83,33830210616
2026-01-01,88731.98,18849043990
2026-01-02,89944.70,46398906171
2026-01-03,90603.19,20774828592
2026-01-04,91413.49,26770491368
2026-01-05,93882.55,53376407252
2026-01-06,93729.03,52430605257
2026-01-07,91308.05,43461295053
2026-01-08,91027.13,42386697030
2026-01-09,90513.10,38305906684
2026-01-10,90386.65,12385895282
2026-01-11,90827.46,17165568977
2026-01-12,91192.99,41346275358
2026-01-13,95321.78,54980674354
2026-01-14,96929.33,60592490863
2026-01-15,95551.19,53086363027
2026-01-16,95525.12,33248170537
2026-01-17,95099.92,16021715122
2026-01-18,93634.43,20809781232
2026-01-19,92553.59,39195241508
2026-01-20,88310.91,53072968031
2026-01-21,89376.96,56330422434
2026-01-22,89462.45,35549685694
2026-01-23,89503.88,38997586037
2026-01-24,89110.73,14558687712
2026-01-25,86572.22,36124986722
2026-01-26,88267.14,45329286974
2026-01-27,89102.57,38744942267
2026-01-28,89184.57,39807419296
2026-01-29,84561.59,64653083162
2026-01-30,84128.66,72083816087
2026-01-31,78621.12,70479259159
2026-02-01,76974.45,53372509744
2026-02-02,78688.77,75140589684
2026-02-03,75633.55,68249110822
2026-02-04,73019.70,67215363944
2026-02-05,62702.10,125509410908
2026-02-06,70555.39,114674259489
2026-02-07,69281.97,62347107663
2026-02-08,70264.73,39721722619
2026-02-09,70120.78,52081598792
2026-02-10,68793.96,40593063077
2026-02-11,66991.97,49671946030
2026-02-12,66221.84,44651071271
2026-02-13,68857.84,40820775886
2026-02-14,69767.63,36012397645
2026-02-15,68788.19,40191152750
2026-02-16,68843.16,33618145426
2026-02-17,67494.22,34866936040
2026-02-18,66425.32,33094301643
2026-02-19,66957.52,31492987019
2026-02-20,68005.42,47507867304
2026-02-21,68003.77,18357635642
2026-02-22,67659.39,17893536012
2026-02-23,64616.74,50953457309
2026-02-24,64080.04,40849331086
2026-02-25,67960.13,53629234355
2026-02-26,67453.77,42988597523
2026-02-27,65881.80,40283655942
2026-02-28,66995.86,42041497112
2026-03-01,65738.10,40733141929
2026-03-02,68775.85,56698092052
2026-03-03,68293.65,47947999049
2026-03-04,72710.58,75073101274
2026-03-05,70841.13,51172841727
2026-03-06,68136.49,43776962871
2026-03-07,67272.59,23258701211
2026-03-08,65969.78,33195080116
2026-03-09,68402.38,49499875378
2026-03-10,69926.92,54003996096
2026-03-11,70204.88,45236859848
2026-03-12,70493.46,40871848129
2026-03-13,70968.27,61167226505
2026-03-14,71214.63,22283546496
2026-03-15,72789.91,27991268669
2026-03-16,74861.09,55572438409
2026-03-17,73922.48,49500721728
2026-03-18,71245.58,46229011155
2026-03-19,69912.79,44631433398
2026-03-20,70522.59,38299078407
2026-03-21,68711.52,21109354718
2026-03-22,67845.21,30108051508
2026-03-23,70914.86,51508669357
2026-03-24,70517.86,40181522399
2026-03-25,71309.88,35409791747
2026-03-26,68791.63,38962070215
2026-03-27,66338.38,46483453594
2026-03-28,66319.70,20924883455
2026-03-29,65954.92,21645889785
2026-03-30,66691.45,37694994180
2026-03-31,68233.31,42997691338
2026-04-01,68078.55,36465393617
2026-04-02,66888.57,39323384518
2026-04-03,66931.10,22815543346
2026-04-04,67290.52,15878814963
2026-04-05,68981.90,22972648674
2026-04-06,68859.83,39542143229
2026-04-07,71940.70,44650511480
2026-04-08,71123.36,42444631703
2026-04-09,71767.83,38799581473
2026-04-10,72979.05,37722595732
2026-04-11,73054.27,23287073965
2026-04-12,70753.41,29882740487
2026-04-13,74484.64,52278211554
2026-04-14,74181.61,53540826530
2026-04-15,74805.08,38090174312
2026-04-16,75152.13,41312783855
2026-04-17,77126.88,54137194839
2026-04-18,75726.21,26014416776
2026-04-19,73856.35,30931515195
2026-04-20,75872.52,39674447916
2026-04-21,76352.77,36453522626
2026-04-22,78203.10,48336654537
2026-04-23,78268.95,40354900916
2026-04-24,77455.31,32784213526
2026-04-25,77612.02,16702933134
2026-04-26,78657.54,21482934750
2026-04-27,77366.63,38135631927
2026-04-28,76350.67,32056900880
2026-04-29,75776.13,41460907886
2026-04-30,76304.32,29497862305
2026-05-01,78179.00,39164328894
2026-05-02,78657.25,16761531851
2026-05-03,78538.23,20544392639
2026-05-04,79827.91,54325085296
2026-05-05,80927.05,39700107376
2026-05-06,81427.53,41751540000
2026-05-07,80009.99,36931193154
2026-05-08,80186.77,33789351540
2026-05-09,80664.37,18102086996
2026-05-10,82138.93,26965971077
2026-05-11,81728.30,32409774919
2026-05-12,80477.49,32186688600
2026-05-13,79277.12,34075428359
2026-05-14,81051.25,43731663431
2026-05-15,79065.68,38183347368
2026-05-16,78131.44,25895799905
2026-05-17,77429.35,20900166465
2026-05-18,76954.17,41520471808
2026-05-19,76750.91,26031898332
2026-05-20,77457.77,26668360936
2026-05-21,77539.17,27141485404
2026-05-22,75488.24,27859040109
2026-05-23,76673.37,29973220002
2026-05-24,76981.13,20572738918
2026-05-25,77279.93,19808387601
2026-05-26,75825.73,35999475458
2026-05-27,74344.70,33802172927
2026-05-28,73536.55,40148145327
2026-05-29,73372.52,34457929250
2026-05-30,73754.84,19563589191
2026-05-31,73579.69,17445435650
2026-06-01,71319.77,43378836121
2026-06-02,66703.66,54990073882
2026-06-03,64014.37,47411556213
2026-06-04,63801.57,63800151780
2026-06-05,60922.67,71465606706
2026-06-06,60867.41,30898464957
2026-06-07,63239.52,36006496194
2026-06-08,63090.59,34133252457
2026-06-09,61643.78,40144449754
2026-06-10,61449.29,27493506779
2026-06-11,63561.05,29316677897
2026-06-12,63543.20,26881868307
2026-06-13,64421.32,16956245530
2026-06-14,65710.40,21572226975
2026-06-15,66289.50,32927321950
2026-06-16,65600.64,25063963967
2026-06-17,64418.45,31288885189
2026-06-18,62896.47,30432454936
2026-06-19,63540.84,22361931660
2026-06-20,64239.68,17486384117
2026-06-21,63237.54,15739619591
2026-06-22,63952.11,26561496819
2026-06-23,62668.02,29608942370
2026-06-24,60995.13,42644106535
2026-06-25,59721.68,40625024718
2026-06-26,60016.43,41502864671
2026-06-27,59940.10,15099836554
2026-06-28,59532.34,16282230874
2026-06-29,60138.38,30829983083
2026-06-30,58558.86,32747419391
2026-07-01,60003.76,37904450118
2026-07-02,61485.30,40109297349
2026-07-03,62544.20,26131813598
2026-07-04,63088.30,18608397613
2026-07-05,63547.88,18267466154
2026-07-06,63995.02,36552222303
2026-07-07,63297.39,31026493556
2026-07-08,62257.57,27349235354
2026-07-09,63193.15,26546256117
2026-07-10,64127.14,27450201269
2026-07-11,63802.03,13954689047
2026-07-12,63758.22,19043437787
2026-07-13,62239.12,37650044790
2026-07-14,64956.11,29841287318
2026-07-15,64712.38,27029791676
2026-07-16,63789.28,27232426674
2026-07-17,63899.46,27280236800
2026-07-18,64796.60,14162542470
2026-07-19,64690.80,15000653941
2026-07-20,65230.03,30988932408
2026-07-21,66505.13,29554470321
2026-07-22,66100.80,28142272410
2026-07-23,65044.81,24364433538
2026-07-24,64098.50,25917559237
2026-07-25,64311.81,13817493398
2026-07-26,65340.30,14301494281
2026-07-27,63724.90,26183821002
2026-07-28,63871.36,24128738898
2026-07-29,63908.17,28611167472
2026-07-30,64725.31,26250039650
2026-07-31,62813.75,30439749629
2026-08-01,62763.32,13553286543
2026-08-02,63482.00,15901776708
2026-08-03,63460.90,26038889824
2026-08-04,64055.95,23662357784
2026-08-05,64597.50,23568584891
2026-08-06,64262.11,18529402711
2026-08-07,64880.19,22165720102
2026-08-08,64904.69,12350094271
2026-08-09,64844.89,13234538380
2026-08-10,63910.59,22384770392
2026-08-11,63551.88,20824820662
2026-08-12,63402.43,23063864553
2026-08-13,63402.17,18765583756
2026-08-14,62975.59,20280053024
2026-08-15,63024.32,10033057106
2026-08-16,62818.65,9078986635
2026-08-17,64506.25,21555405073
2026-08-18,64680.71,18728001793
2026-08-19,69266.19,46228098443
2026-08-20,73032.76,55444322363
2026-08-21,78335.19,74478039014
2026-08-22,77083.41,42131959963
2026-08-23,77755.27,31158396908
2026-08-24,78964.48,55502180329
2026-08-25,78564.98,46728068401
2026-08-26,79027.42,29329039002
2026-08-27,80257.54,34033075972
2026-08-28,77830.29,39362871737
2026-08-29,78245.81,14053131399
2026-08-30,77667.57,19314839672
2026-08-31,78548.63,30608386987
2026-09-01,77403.63,30608796575
2026-09-02,77300.48,26525296646
2026-09-03,81271.74,40504199354
2026-09-04,79671.97,37501874897
2026-09-05,79823.87,18559708494
2026-09-06,80350.05,19391863269
2026-09-07,79115.85,23414434445
2026-09-08,78438.58,34680168667
2026-09-09,78259.52,29192409298
2026-09-10,76568.13,30120111719
2026-09-11,77173.80,37410998193
2026-09-12,77270.47,12664765797
2026-09-13,76838.16,13607872549
2026-09-14,78163.38,29909358382
2026-09-15,75612.51,39694675220
2026-09-16,76150.32,30053315577
2026-09-17,76403.77,21917458567
2026-09-18,80901.46,40378562386
2026-09-19,81233.68,20505634866
2026-09-20,81142.61,21259753701
2026-09-21,86602.91,57676223471
2026-09-22,86172.28,40800687783
2026-09-23,84383.01,46088463341
2026-09-24,84379.06,37106744985
2026-09-25,84034.92,34118533914
2026-09-26,84406.45,15169336375
2026-09-27,84458.09,19386591468
2026-09-28,83502.61,42589028679
2026-09-29,83622.43,28029782264
2026-09-30,83553.85,36290317874
2026-10-01,84853.10,32802609098
2026-10-02,84497.21,46528418756
2026-10-03,84763.58,12574826191
2026-10-04,86480.30,15031650242
